{
    "problem_type": "classification",
    "modelVersion": "1",
    "target_feature": "Species",
    "train_ratio": 0.8,
    "optimization_param": {
        "iterations": 100,
        "trainTestCVSplit": 5,
        "geneticparams": {
            "n_population": 50,
            "crossover_proba": 0.5,
            "mutation_proba": 0.2,
            "crossover_independent_proba": 0.5,
            "mutation_independent_proba": 0.05,
            "tournament_size": 3,
            "n_gen_no_change": 10
        }
    },
    "train_features": [
        "PetalLengthCm",
        "PetalWidthCm",
        "SepalLengthCm",
        "SepalWidthCm"
    ],
    "scoring_criteria": "accuracy",
    "algorithms": {
        "GaussianNB": {
            "var_smoothing": [
                1e-09,
                1.0102000000000001e-05,
                2.0203e-05,
                3.0304e-05,
                4.0405000000000004e-05,
                5.050600000000001e-05,
                6.0607000000000004e-05,
                7.0708e-05,
                8.0809e-05,
                9.091000000000001e-05,
                0.00010101100000000001,
                0.000111112,
                0.000121213,
                0.000131314,
                0.000141415,
                0.000151516,
                0.000161617,
                0.00017171799999999998,
                0.000181819,
                0.00019192,
                0.000202021,
                0.000212122,
                0.000222223,
                0.000232324,
                0.000242425,
                0.00025252600000000004,
                0.00026262700000000003,
                0.000272728,
                0.000282829,
                0.00029293,
                0.00030303100000000005,
                0.00031313200000000004,
                0.00032323300000000003,
                0.000333334,
                0.000343435,
                0.00035353600000000005,
                0.00036363700000000004,
                0.00037373800000000003,
                0.000383839,
                0.00039394,
                0.00040404100000000006,
                0.00041414200000000005,
                0.00042424300000000004,
                0.00043434400000000003,
                0.000444445,
                0.000454546,
                0.00046464700000000005,
                0.00047474800000000004,
                0.00048484900000000003,
                0.0004949500000000001,
                0.0005050510000000001,
                0.0005151520000000001,
                0.000525253,
                0.000535354,
                0.000545455,
                0.000555556,
                0.000565657,
                0.000575758,
                0.000585859,
                0.0005959600000000001,
                0.0006060610000000001,
                0.0006161620000000001,
                0.0006262630000000001,
                0.000636364,
                0.000646465,
                0.000656566,
                0.000666667,
                0.000676768,
                0.000686869,
                0.00069697,
                0.0007070710000000001,
                0.0007171720000000001,
                0.0007272730000000001,
                0.0007373740000000001,
                0.000747475,
                0.000757576,
                0.000767677,
                0.000777778,
                0.000787879,
                0.00079798,
                0.0008080810000000001,
                0.0008181820000000001,
                0.0008282830000000001,
                0.0008383840000000001,
                0.0008484850000000001,
                0.000858586,
                0.000868687,
                0.000878788,
                0.000888889,
                0.00089899,
                0.000909091,
                0.0009191920000000001,
                0.0009292930000000001,
                0.0009393940000000001,
                0.0009494950000000001,
                0.0009595960000000001,
                0.000969697,
                0.000979798,
                0.000989899,
                0.001
            ]
        }
    },
    "targetPath": "AION_ver_260"
}